{"cameraMode":{"drawMode":2,"name":"Shaded Wireframe","section":"Shading Mode"},"sceneLighting":false,"audioPlay":false,"sceneViewState":{"showFog":true,"showMaterialUpdate":true,"showSkybox":false,"showFlares":true,"showImageEffects":true,"showParticleSystems":true,"showVisualEffectGraphs":true,"m_FxEnabled":true},"in2DMode":false,"pivot":{"x":0.0000010132789611816407,"y":0.4205789566040039,"z":1.1920928955078126e-7},"rotation":{"x":-0.2005935162305832,"y":0.7921501994132996,"z":-0.46329206228256228,"w":-0.3429724872112274},"size":0.9884498715400696,"orthographic":false}