{"cameraMode":{"drawMode":2,"name":"Shaded Wireframe","section":"Shading Mode"},"sceneLighting":false,"audioPlay":false,"sceneViewState":{"showFog":true,"showMaterialUpdate":true,"showSkybox":false,"showFlares":true,"showImageEffects":true,"showParticleSystems":true,"showVisualEffectGraphs":true,"m_FxEnabled":true},"in2DMode":false,"pivot":{"x":0.0000011920928955078126,"y":0.3810988664627075,"z":-0.0003256797790527344},"rotation":{"x":0.1103351041674614,"y":-0.6744814515113831,"z":0.10297290980815888,"w":0.7227028012275696},"size":3.7057905197143556,"orthographic":false}