{"cameraMode":{"drawMode":2,"name":"Shaded Wireframe","section":"Shading Mode"},"sceneLighting":false,"audioPlay":false,"sceneViewState":{"showFog":true,"showMaterialUpdate":true,"showSkybox":false,"showFlares":true,"showImageEffects":true,"showParticleSystems":true,"showVisualEffectGraphs":true,"m_FxEnabled":true},"in2DMode":false,"pivot":{"x":1.0246450901031495,"y":0.022422466427087785,"z":-0.06378181278705597},"rotation":{"x":0.10415167361497879,"y":-0.7436932921409607,"z":0.11925359070301056,"w":0.6495078802108765},"size":0.12591075897216798,"orthographic":false}